{"stats":{"minecraft:crafted":{"minecraft:stone_sword":1,"minecraft:chest":2,"minecraft:oak_planks":40,"minecraft:stone_shovel":1,"minecraft:stone_hoe":1,"minecraft:crafting_table":1,"minecraft:stone_axe":1,"minecraft:stick":16,"minecraft:wooden_pickaxe":1,"minecraft:stone_pickaxe":1},"minecraft:mined":{"minecraft:grass":1,"minecraft:oak_log":10,"minecraft:dirt":2,"minecraft:stone":19,"minecraft:crafting_table":1},"minecraft:killed":{"minecraft:cow":1},"minecraft:used":{"minecraft:stone_axe":8,"minecraft:crafting_table":1,"minecraft:stone_shovel":2,"minecraft:wooden_pickaxe":19},"minecraft:picked_up":{"minecraft:crafting_table":1,"minecraft:leather":2,"minecraft:beef":3,"minecraft:oak_log":10,"minecraft:dirt":2,"minecraft:cobblestone":19},"minecraft:custom":{"minecraft:time_since_rest":4325,"minecraft:play_time":4325,"minecraft:sprint_one_cm":6987,"minecraft:walk_one_cm":5625,"minecraft:mob_kills":1,"minecraft:jump":34,"minecraft:damage_dealt":100,"minecraft:leave_game":1,"minecraft:time_since_death":4325,"minecraft:total_world_time":4325,"minecraft:interact_with_crafting_table":5,"minecraft:fall_one_cm":209,"minecraft:fly_one_cm":2888}},"DataVersion":3465}